model,n_layers,n_units_L0,f_activation_L0,dropout_L0,n_units_L1,f_activation_L1,dropout_L1,learning_rate,beta_1,beta_2,epsilon,epochs,acc
Model_1,2,384,selu,0.0,224,tanh,0.2,0.0007960329620066526,0.002016630856233109,0.007023791516885962,1.8182777994090008e-11,300,0.9222221970558167
Model_2,2,480,selu,0.2,512,relu,0.2,0.0010378579589649444,0.08447899169780775,0.06968244336498243,7.902372734111102e-08,300,0.9277777671813965
Model_3,2,352,elu,0.0,96,selu,0.2,0.0017603069484559408,0.07516199068741856,0.09354069702560405,7.77538589318541e-07,400,0.9333333373069763
Model_4,2,416,elu,0.4,384,elu,0.8,0.0015593026080278354,0.020101835113832955,0.07246010733348089,3.2000227340169978e-09,450,0.9166666865348816
